Food,,Price,Oil,GL,Useble Cals,"AAF 
adj
 Prot","CarbsNet of
TDF",Total Fat,TDF,Sodium,Potassium,Phosphorus,Calcium,Magnecium,Total EAA,Lysine,Gross Prot-ein,Free Sugar,"AA
Factor",GI,C:P:F,,,Calcu-lted Cals
CEREALS,,,gms,,,gms,gms,gms,gms,,mgms,,,,mgms,mgms,gms,,,,,,,
Atta - Aseerwad,1,0.05,0.0,0.4,3.4,0.0,0.7,0.0,0.1,0.0,3.1,3.2,0.3,1.3,12.7,1.1,0.1,0.0,0.42,,,,,
Atta -  (1 Tb spoon - 10 g),1,0.04,0.0,0.4,3.2,0.0,0.6,0.0,0.1,0.0,3.1,3.2,0.3,1.3,12.7,1.1,0.1,0.0,0.42,0.66,89,6,5,3
Wheat with milling,1,0.06,0.0,0.4,3.2,0.0,0.6,0.0,0.1,0.0,3.1,3.2,0.3,1.3,12.7,1.1,0.1,0.0,0.42,0.66,,,,
Atta FFL ,1,0.12,0.0,0.3,3.0,0.1,0.5,0.0,0.2,0.0,3.0,0.0,0.0,0.0,27.4,2.1,0.2,0.0,0.57,0.53,71,18,11,3
Barley,1,0.00,0.0,0.3,3.2,0.0,0.6,0.0,0.2,0.0,2.7,0.0,0.0,0.0,16.8,1.6,0.1,0.0,,0.43,89,7,4,3
Bajra ,1,0.04,0.0,0.4,3.5,0.0,0.6,0.1,0.1,0.0,3.7,2.9,0.3,1.2,17.4,0.0,0.1,1.4,0.42,0.58,79,6,16,3
Chocos ,1,0.00,0.0,0.0,3.6,0.1,0.8,0.0,0.0,0.0,0.0,0.0,0.0,0.0,0.0,0.0,0.1,0.0,,,87,6,7,4
"Corn, Sweet, raw (US)",1,0.25,0.0,0.1,1.0,0.0,0.2,0.0,0.0,0.0,3.0,1.6,0.1,0.5,6.1,0.4,0.0,0.0,,0.48,90,10,0,1
"Corn, Sweet, cook, (US)",1,0.08,0.0,0.0,0.0,0.0,0.0,0.0,0.0,0.0,0.0,0.0,0.0,0.0,0.0,0.0,0.0,0.0,0.59,0.48,#DIV/0!,#DIV/0!,#DIV/0!,0
Corn flour,1,0.17,0.0,0.4,3.3,0.0,0.7,0.0,0.1,0.0,0.2,2.8,0.1,1.5,15.7,1.0,0.1,0.0,,0.66,84,5,11,3
Couscous (US) ,1,0.00,0.0,0.1,1.1,0.0,0.2,0.0,0.0,0.0,0.0,0.0,0.0,0.0,5.5,0.3,0.0,0.0,,0.65,91,7,2,1
Jowar,1,0.00,0.0,0.4,3.3,0.0,0.7,0.0,0.1,0.1,3.3,2.7,0.3,1.3,11.6,1.0,0.1,0.0,0.42,0.62,89,6,5,3
Korralu (Varagu) ,1,0.00,0.0,0.5,3.3,0.0,0.7,0.0,0.1,0.0,0.9,1.0,0.2,1.2,17.1,0.5,0.1,0.0,0.50,0.71,87,5,8,3
Maida (1 Tb spoon - 10 g),1,0.06,0.0,0.5,3.5,0.0,0.7,0.0,0.0,0.0,1.5,1.1,0.2,0.3,10.5,0.9,0.1,0.0,0.42,0.66,92,5,2,3
Maize dry with milling,1,0.04,0.0,0.4,3.3,0.0,0.6,0.0,0.1,0.0,2.9,0.0,0.0,0.0,11.1,1.0,0.1,0.0,0.59,0.62,84,5,11,3
Maize Tender,1,0.00,0.0,0.1,1.2,0.0,0.2,0.0,0.0,0.0,1.7,0.0,0.0,0.0,3.7,0.3,0.0,0.0,0.59,0.48,83,5,12,1
Noodles,1,0.00,0.3,0.3,5.3,0.0,0.5,0.3,0.0,0.0,1.5,0.0,0.0,0.0,0.0,1.1,0.1,0.0,0.42,0.54,42,3,55,5
Oats - Quacker (1 Tb spoon - 10 g),1,0.00,0.0,0.4,3.8,0.0,0.6,0.1,0.1,0.0,3.8,0.0,0.0,0.0,0.0,0.0,0.1,0.0,0.59,0.65,76,6,18,3
Oats - Rolled*,1,0.00,0.0,0.3,3.8,0.0,0.6,0.1,0.1,0.0,3.8,0.0,0.0,0.0,0.0,0.0,0.1,0.0,0.59,0.50,76,6,18,3
Pastha (1 Tb spoon - 10 g),1,0.00,0.0,0.2,1.6,0.0,0.3,0.0,0.0,0.0,3.1,0.0,0.0,0.0,0.0,0.0,0.1,0.0,0.42,0.57,87,7,6,1
Pizza Base (1 pce - 85 g),1,0.00,0.0,0.4,3.0,0.0,0.5,0.0,0.0,0.0,0.0,0.0,0.0,0.0,8.4,0.7,0.1,0.0,,,86,5,9,3
Pizza Base Green ,1,0.00,0.0,0.1,1.4,0.1,0.2,0.0,0.1,0.0,2.5,0.0,0.0,0.0,22.5,1.9,0.2,0.0,,,,,,
Ragi (1 Tb spoon - 10 g),1,0.05,0.0,0.5,3.2,0.0,0.7,0.0,0.1,0.0,4.4,2.1,3.6,1.5,9.8,0.9,0.1,0.0,0.42,0.68,90,4,6,3
Ragi Sprouts ,1,0.00,0.0,0.2,2.1,0.0,0.4,0.0,0.1,0.0,2.9,0.0,0.0,0.0,6.5,0.6,0.0,0.0,0.42,0.50,,,,
Rice - Brown (US) ((1 Tb spoon - 15 g),1,0.05,0.0,0.4,3.5,0.0,0.7,0.0,0.0,0.0,2.0,2.7,0.1,0.9,16.2,1.7,0.1,0.0,0.50,0.50,91,6,3,3
Rice - Brown Cooked (3.2) (1 Tb spoon - 15 g),1,0.00,0.0,0.1,1.1,0.0,0.2,0.0,0.0,0.0,0.6,0.0,0.0,0.0,6.3,0.5,0.0,0.0,0.50,0.50,91,6,3,1
Rice - Puffed (1 Tb spoon - 5 g),1,0.00,0.0,0.5,3.6,0.0,0.8,0.0,0.0,0.0,1.4,1.5,0.2,0.6,11.7,1.2,0.1,0.0,0.50,0.69,91,4,4,3
Rice -Flakes (1 Tb spoon - 9 g),1,0.00,0.0,0.5,3.5,0.0,0.8,0.0,0.0,0.0,1.5,2.0,0.1,0.8,11.7,1.2,0.1,0.0,0.50,0.69,92,4,3,3
Rice- White (1 Tb spoon - 15 g),1,0.03,0.0,0.5,3.6,0.0,0.8,0.0,0.0,0.0,1.1,1.0,0.1,0.2,14.0,1.5,0.1,0.0,0.50,0.69,94,5,1,3
Rice- White cooked (1Tb spoon -15 g),1,0.00,0.0,0.2,1.2,0.0,0.3,0.0,0.0,0.0,0.4,0.0,0.0,0.0,5.7,0.5,0.0,0.0,0.50,0.69,94,5,1,1
Rice - Parboiled,1,0.00,0.0,0.8,3.5,0.0,0.8,0.0,0.0,0.0,1.4,0.0,0.1,0.0,16.7,1.3,0.1,0.0,0.50,0.99,94,5,2,3
Kesari Ravva for Haleem,1,0.06,0.0,0.4,3.3,0.0,0.7,0.0,0.1,0.0,2.8,0.0,0.0,0.0,13.2,1.2,0.1,0.0,,0.99,91,6,2,3
Sabudana,1,0.00,0.0,0.6,3.6,0.0,0.9,0.0,0.0,0.0,0.0,0.0,0.0,0.0,0.4,0.0,0.0,0.0,0.59,0.70,100,0,0,4
Suji / Dhalia (1 Tb spoon - 12 g),1,0.05,0.0,0.4,3.3,0.0,0.7,0.0,0.1,0.0,2.8,0.0,0.0,0.0,13.2,1.2,0.1,0.0,0.42,0.55,91,6,2,3
Vermicelli  (1 Tb spoon - 9 g),1,0.00,0.0,0.2,3.3,0.0,0.7,0.0,0.1,0.0,1.6,0.0,0.0,0.0,12.4,0.8,0.1,0.0,0.42,0.35,93,5,1,3
Quinoa ,1,0.30,0.0,0.4,3.3,0.1,0.5,0.1,0.1,0.0,4.7,2.1,2.0,1.2,17.4,3.1,0.1,0.0,0.42,0.71,75,8,17,3
Glucose D,1,0.00,0.0,0.9,3.6,0.0,0.9,0.0,0.0,0.0,0.0,0.0,0.0,0.0,0.0,0.0,0.0,0.0,,1.00,100,0,0,4
Idli Batter (Ravva),1,0.00,0.0,0.2,1.6,0.0,0.3,0.0,0.0,0.0,1.7,0.0,0.0,0.0,12.2,1.7,0.1,0.0,,,,,,
Idli Batter ,1,0.00,0.0,0.2,1.5,0.0,0.3,0.0,0.0,0.0,3.2,0.0,0.0,0.0,19.4,2.9,0.1,0.0,,,,,,
Dals.,,,,,,,,,,,,,,,,,,,,,#DIV/0!,#DIV/0!,#DIV/0!,0
Whole Bengalgram (Boiled),1,0.00,0.0,0.1,1.5,0.1,0.2,0.0,0.1,0.0,5.3,0.0,0.0,0.0,29.5,4.6,0.1,0.0,0.70,0.28,72,23,5,1
Whole Bengalgram (uncooked),1,0.00,0.0,0.0,2.9,0.1,0.4,0.1,0.3,0.3,9.4,2.7,1.5,1.6,54.5,8.7,0.2,0.0,0.70,0.11,,,,
Bengalgram -Dal (uncooked),1,0.11,0.0,0.1,3.3,0.2,0.5,0.1,0.2,0.2,9.6,3.3,0.5,1.2,58.3,9.1,0.2,0.0,0.70,0.11,63,20,16,3
Blackgram ,1,0.11,0.0,0.1,2.9,0.2,0.2,0.0,0.2,0.3,10.9,3.5,0.9,1.9,61.1,9.6,0.2,0.0,,,,,,
Blackgram dal (Gundu),1,0.00,0.0,0.2,3.2,0.2,0.5,0.0,0.1,0.2,11.6,3.8,0.6,1.7,64.1,10.0,0.2,0.0,0.70,0.43,72,23,5,3
Cow  peas (Black eyed / Lobia ),1,0.12,0.0,0.2,3.2,0.1,0.5,0.0,0.1,0.1,12.4,3.7,0.8,2.1,58.7,9.5,0.2,0.0,0.70,0.42,76,20,4,3
Greengram,1,0.00,0.0,0.1,2.9,0.2,0.5,0.0,0.2,0.1,11.8,3.5,0.9,2.0,65.8,10.4,0.2,0.0,0.70,0.31,72,24,4,3
Greengram- Pressure cooked,1,0.00,0.0,0.2,2.9,0.2,0.5,0.0,0.2,0.0,11.8,0.0,0.0,0.0,65.8,10.4,0.2,0.0,0.70,0.42,,,,
Greengram-Dal,1,0.00,0.0,0.2,3.3,0.2,0.5,0.0,0.1,0.1,12.7,4.2,0.4,1.6,68.6,10.2,0.2,0.0,0.70,0.42,73,23,4,3
Peas,1,0.00,0.0,0.1,3.0,0.1,0.5,0.0,0.2,0.2,9.2,3.3,0.8,1.2,55.8,10.2,0.2,0.0,0.70,0.22,73,21,6,3
Rajmah,1,0.00,0.0,0.1,3.0,0.1,0.5,0.0,0.2,0.1,13.7,4.0,1.3,1.6,58.6,9.1,0.2,0.0,0.70,0.19,74,21,6,3
Sprouts (1 Tb spoon - 10 g),1,0.00,0.0,0.0,1.0,0.1,0.2,0.0,0.1,0.0,3.9,0.0,0.0,0.0,21.7,3.4,0.1,0.0,0.70,0.25,72,24,4,1
Tuardhal,1,0.12,0.0,0.1,3.3,0.2,0.6,0.0,0.1,0.2,14.0,3.3,0.7,1.2,61.4,9.4,0.2,0.0,0.70,0.22,75,21,5,3
Lentil dal,1,0.00,0.0,0.2,3.2,0.2,0.5,0.0,0.1,0.1,7.9,3.1,0.4,0.7,63.4,10.4,0.2,0.0,,0.42,74,24,2,3
Horse gram whole,1,0.00,0.0,0.2,3.3,0.2,0.6,0.0,0.1,0.1,10.7,3.0,2.7,1.5,62.0,9.5,0.2,0.0,,0.42,78,21,2,3
Soyabean - Brown,1,0.12,0.0,0.0,3.8,0.2,0.1,0.2,0.2,0.0,16.1,4.8,2.4,2.6,109.5,19.1,0.4,0.0,,0.18,16,30,54,3
Tofu (1 Tb spoon - 12 g) ,1,0.39,0.0,0.0,0.7,0.1,0.1,0.0,0.0,0.2,1.5,0.8,1.1,0.2,34.5,4.2,0.1,0.0,0.91,0.18,28,38,33,1
Tofu Silken ,1,0.05,0.0,0.0,0.6,0.1,0.0,0.0,0.0,0.2,1.3,0.7,0.2,0.2,8.2,1.2,0.1,0.0,0.91,0.18,,,,
Green Tofu  ,1,0.12,0.0,0.0,0.6,0.1,0.1,0.0,0.0,0.0,1.9,0.0,0.0,0.0,29.2,3.6,0.1,0.0,,,,,,
Tofu Green (Lab),1,0.12,0.0,0.0,1.3,0.1,0.0,0.1,0.0,0.2,3.3,0.7,1.6,0.6,16.5,2.3,0.1,0.0,0.84,0.07,4,49,47,1
Seitan Tofu (Lab based),1,0.48,0.0,0.0,1.2,0.2,0.1,0.0,0.0,4.7,1.2,0.9,0.9,0.2,38.6,4.5,0.2,0.0,0.36,,27,57,16,2
Tempeh,1,0.00,0.0,0.0,1.9,0.2,0.1,0.1,0.0,0.0,4.1,0.0,0.0,0.0,68.4,8.3,0.2,0.0,0.91,,19,33,48,2
Miso,1,0.00,0.0,0.0,5.1,0.3,0.6,0.2,0.1,0.0,5.8,0.0,0.0,0.0,105.0,12.0,0.3,0.0,0.91,,47,23,30,5
Dal Palak (Cooked),1,0.00,0.0,0.0,0.8,0.0,0.1,0.0,0.0,0.0,3.6,0.0,0.0,0.0,12.2,1.8,0.0,0.0,,,,,,
FRUITS,,,,,,,,,,,,,,,,,,,,,#DIV/0!,#DIV/0!,#DIV/0!,0
Amla,1,0.15,,0.0,0.2,0.0,0.1,0.0,0.1,0.0,2.2,0.2,0.2,0.1,0.6,0.1,0.0,0.0,0.64,,96,2,3,1
Anjeer ,1,0.00,,0.1,0.8,0.0,0.2,0.0,0.0,0.0,2.3,0.2,0.8,0.3,4.4,0.4,0.0,0.0,0.64,0.61,88,7,5,1
Anjeer- Dried (small - 4 g),1,1.10,,0.3,2.1,0.0,0.5,0.0,0.1,0.1,6.8,0.7,1.6,0.7,7.2,0.7,0.0,0.0,0.64,0.61,93,4,3,2
Apple (Small - 75 gm),1,0.00,,0.0,0.6,0.0,0.1,0.0,0.0,0.0,1.2,0.1,0.1,0.1,0.6,0.1,0.0,0.0,0.64,0.38,89,1,10,1
Avocado,1,0.00,,0.0,1.4,0.0,0.0,0.1,0.1,0.0,3.8,0.6,0.3,0.5,7.0,1.1,0.0,0.0,0.64,,5,5,90,1
Banana ripe (Medium - 100 gm),1,0.08,,0.1,1.1,0.0,0.2,0.0,0.0,0.0,3.6,0.2,0.1,0.3,3.2,0.3,0.0,0.1,0.64,0.51,94,3,3,1
Dates (Seed less),1,0.16,,0.8,3.1,0.0,0.7,0.0,0.1,0.0,7.8,0.4,0.7,0.8,4.2,0.4,0.0,0.3,0.64,1.03,97,2,1,3
Grapes,1,0.00,,0.1,0.5,0.0,0.1,0.0,0.0,0.0,1.7,0.2,0.1,0.1,1.3,0.1,0.0,0.0,0.64,0.46,92,3,5,1
Guava (Medium - 100 gm),1,0.00,,0.0,0.3,0.0,0.1,0.0,0.1,0.0,2.8,0.2,0.2,0.2,2.6,0.2,0.0,0.0,0.64,0.38,76,14,11,0
Lemon Juice,1,0.00,,0.0,0.0,0.0,0.0,0.0,0.0,0.0,0.0,0.1,0.2,0.1,0.0,0.0,0.0,0.0,,,,,,
Mango (Medium - 150 g),1,0.00,,0.0,0.4,0.0,0.1,0.0,0.0,0.0,1.4,0.1,0.2,0.1,1.4,0.2,0.0,0.0,0.64,0.60,84,4,13,0
Melon Musk (1 Tb spoon - 20 g),1,0.00,,0.0,0.2,0.0,0.0,0.0,0.0,0.1,2.1,0.2,0.1,0.1,0.6,0.0,0.0,0.0,0.64,0.65,80,5,15,0
Melon Water (1 Tb spoon - 20 g),1,0.02,,0.0,0.2,0.0,0.0,0.0,0.0,0.0,1.3,0.1,0.0,0.1,1.0,0.1,0.0,0.0,0.64,0.72,84,8,8,0
Mosambi(E) (medium - 100 g),1,0.00,,0.0,0.3,0.0,0.1,0.0,0.0,0.0,1.8,0.2,0.3,0.2,0.9,0.1,0.0,0.0,0.64,0.42,85,8,7,0
Orange Pulp,1,0.30,,0.0,0.4,0.0,0.1,0.0,0.0,0.0,1.6,0.1,0.2,0.1,0.7,0.1,0.0,0.0,0.64,0.42,91,5,3,0
Palmyrah Fruit (1 no - 70 g),1,0.00,,0.0,0.2,0.0,0.0,0.0,0.0,0.0,1.6,0.0,0.0,0.0,0.9,0.1,0.0,0.0,0.64,,89,6,5,0
Papaya (1 Tb spoon - 20 g),1,0.00,,0.0,0.2,0.0,0.0,0.0,0.0,0.1,1.7,0.2,0.2,0.1,0.7,0.1,0.0,0.0,0.64,0.60,88,5,7,0
Pears (Medium - 100 g),1,0.00,,0.0,0.4,0.0,0.1,0.0,0.0,0.0,1.1,0.1,0.1,0.1,0.6,0.1,0.0,0.0,0.64,0.38,91,3,7,0
Pineapple (1 Slice - 70 g),1,0.00,,0.1,0.4,0.0,0.1,0.0,0.0,0.0,1.4,0.1,0.1,0.1,0.9,0.1,0.0,0.1,0.64,0.59,93,3,4,0
Plum ( 1 no - 50 g),1,0.00,,0.0,0.6,0.0,0.1,0.0,0.0,0.0,1.6,0.1,0.1,0.1,1.0,0.1,0.0,0.1,0.64,0.39,90,3,7,1
Pomogranete (1 Tb spoon - 20 g),1,0.00,,0.0,0.5,0.0,0.1,0.0,0.0,0.0,2.1,0.1,0.1,0.1,1.8,0.1,0.0,0.1,0.64,0.40,91,7,3,1
Raisins,1,0.00,,0.4,3.0,0.0,0.7,0.0,0.0,0.1,9.1,0.9,0.7,0.3,4.0,0.5,0.0,0.2,0.64,0.64,97,2,1,3
Sapota (1 no - 70 g),1,0.00,,0.1,0.7,0.0,0.1,0.0,0.1,0.0,2.8,0.2,0.2,0.2,2.2,0.3,0.0,0.0,0.64,0.54,80,3,16,1
Seetaphal (1 no - 150 g),1,0.00,,0.1,1.0,0.0,0.2,0.0,0.1,0.0,2.8,0.4,0.3,0.4,3.6,0.4,0.0,0.0,0.64,0.54,89,5,7,1
Straw berry ( 1 no - 20 g),1,0.00,,0.0,0.2,0.0,0.0,0.0,0.0,0.0,1.4,0.3,0.2,0.2,2.0,0.2,0.0,0.0,0.64,0.40,64,12,24,0
HEALTH DRINKS,,,,,,,,,,,,,,,,,,,,,#DIV/0!,#DIV/0!,#DIV/0!,0
Cocoa Powder (Hershey's),1,1.02,0.0,0.0,2.8,0.1,0.2,0.0,0.3,0.0,15.2,0.0,0.0,0.0,50.4,6.5,0.2,0.0,0.66,,,,,
Herbal Life shake (E) ,1,0.00,0.0,0.0,3.3,0.4,0.0,0.0,0.0,3.0,0.2,2.4,0.5,0.1,158.3,27.6,0.3,0.0,1.00,0.30,0,94,6,2
H L Protine powder,1,0.00,0.0,0.0,3.8,0.8,0.0,0.0,0.0,5.1,2.8,3.9,2.7,0.8,386.3,57.7,0.8,0.0,1.00,,4,86,9,4
Shake mate ( 1 scp 13 gms),1,0.00,0.0,0.0,3.9,0.4,0.5,0.0,0.0,0.0,0.7,0.0,0.0,0.0,138.8,21.6,0.4,0.2,2.00,,,,,
Iso pure (1 Scp) ,1,0.00,0.0,0.0,3.7,0.9,0.0,0.0,0.0,2.8,4.8,2.0,4.0,1.6,352.4,71.3,0.9,0.0,1.00,0.00,2,95,2,4
Nutritional Yeast ,1,0.60,0.0,0.0,2.8,0.5,0.1,0.0,0.3,0.3,0.0,0.0,0.0,1.5,0.0,0.0,0.5,0.0,0.89,,10,79,11,3
Rice Protein,1,0.50,0.0,0.0,0.0,0.8,0.0,0.0,0.0,0.0,0.0,0.0,0.0,0.0,0.0,0.0,0.8,0.0,,,,,,
Soy Isolate,1,0.41,0.0,0.0,3.4,0.9,0.0,0.0,0.0,10.1,0.8,7.8,1.8,0.4,380.1,57.7,0.9,0.0,1.00,,0,92,8,4
Whey Concentrate,1,0.00,0.0,0.0,3.9,0.8,0.0,0.1,0.0,2.8,4.8,2.0,5.0,1.6,411.2,75.5,0.8,0.0,1.00,,4,80,16,4
Guar Gum (Partially Hydrolized),1,0.40,0.0,0.0,1.5,0.0,0.3,0.0,0.9,1.3,0.0,0.0,2.9,0.0,0.0,0.0,0.0,0.0,,,92,8,0,1
FOS ,1,0.65,0.0,0.0,1.5,0.0,0.4,0.0,1.0,0.8,1.4,1.2,1.4,0.4,0.0,0.0,0.0,0.0,,,,,,
Hemp Seeds ,1,0.40,0.0,0.0,5.3,0.2,0.0,0.4,0.0,0.0,0.0,14.5,0.7,10.7,98.6,10.2,0.3,0.0,0.66,,,,,
Hemp Sprouts ,1,0.00,0.0,0.0,0.0,0.0,0.0,0.0,0.0,0.0,0.0,0.0,,,0.0,0.0,0.0,0.0,,,,,,
Vital Wheat Gluten,1,0.40,0.0,0.0,2.1,0.7,0.1,0.0,0.0,0.1,1.0,0.7,0.4,0.1,65.1,4.5,0.8,0.0,91.50,,16,79,5,3
MILK PRODUCTS,,,,,,,,,,,,,,,,,,,,,#DIV/0!,#DIV/0!,#DIV/0!,0
Cream,1,0.00,0.0,0.0,2.5,0.0,0.0,0.3,0.0,0.0,0.0,0.0,0.0,0.0,9.8,1.2,0.0,0.0,1.00,,5,3,92,2
Curd 3%  with SMP ,1,0.08,0.0,0.8,0.6,0.0,0.1,0.0,0.0,0.0,1.1,0.0,0.0,0.0,26.7,4.9,0.0,0.0,,,47,31,22,1
Curd 6 % Fat (decreamed),1,0.10,0.0,0.8,0.6,0.0,0.1,0.0,0.0,0.0,1.0,0.0,0.0,0.0,17.7,3.5,0.0,0.0,1.00,,42,22,35,1
Curd 3 % Hung (decreamed milk),1,0.12,0.0,0.0,0.6,0.1,0.0,0.0,0.0,0.4,1.1,1.4,1.0,0.1,27.6,6.7,0.1,0.0,1.00,,25,32,43,1
Buffalow Milk Curd 6 % + SMP (decreamed) ,1,0.10,0.0,0.8,0.8,0.1,0.1,0.0,0.0,0.0,1.1,0.0,0.0,0.0,28.8,5.3,0.1,0.0,1.00,,45,27,28,1
Buffalow Milk Curd+ SMP + FOS Hung(decreamed) ,1,0.18,0.0,0.0,1.2,0.1,0.2,0.0,0.1,0.0,1.9,0.0,0.0,0.0,44.2,8.1,0.1,0.1,1.00,,54,27,19,1
Curd Epigamia,1,0.00,0.0,0.0,0.0,0.0,0.0,0.0,0.0,0.0,0.0,0.0,0.0,0.0,0.1,0.1,0.0,0.0,1.00,,34,34,32,0
Milk - 6 % Fat (Buffalow) (decreamed),1,0.00,0.0,0.6,0.7,0.0,0.1,0.0,0.0,0.3,1.1,0.9,1.2,0.1,18.2,3.6,0.0,0.1,1.00,,47,21,32,1
Milk - Slim ,1,0.00,0.0,0.6,0.3,0.0,0.0,0.0,0.0,0.0,0.0,0.0,0.0,0.0,6.6,2.8,0.0,0.0,1.00,,0,100,0,0
Milk - Toned / Cow (3%),1,0.05,0.0,0.6,0.6,0.0,0.0,0.0,0.0,0.3,1.2,1.0,1.2,0.1,17.8,3.5,0.0,0.0,1.00,,59,41,0,0
Milk - Toned / Cow (3%) (decreamed),1,0.05,0.0,0.6,0.5,0.0,0.0,0.0,0.0,0.0,1.2,0.0,0.0,0.0,17.8,3.5,0.0,0.0,1.00,,,,,
Milk Powder - Skim ,1,0.40,0.0,3.2,3.6,0.4,0.5,0.0,0.0,5.5,0.0,9.8,12.0,0.4,191.0,30.1,0.4,0.0,1.00,,58,39,3,4
Paneer (3 % Fat),1,0.50,0.0,0.3,2.6,0.2,0.1,0.1,0.0,0.2,0.6,3.3,4.8,0.3,89.2,18.4,0.2,0.1,1.00,,19,29,52,3
Paneer (0 % Fat),1,0.00,0.0,0.3,1.3,0.2,0.1,0.0,0.0,0.0,0.6,0.0,0.0,0.0,89.2,18.4,0.2,0.2,1.00,,,,,
Khova,1,0.00,0.0,0.0,3.2,0.2,0.2,0.2,0.0,0.0,5.4,0.0,0.0,0.0,72.2,16.9,0.2,0.0,,,21,21,59,3
Soy Milk ,1,0.00,0.0,0.0,0.4,0.0,0.0,0.0,0.0,0.0,1.5,0.0,0.0,0.0,0.0,0.0,0.0,0.0,0.91,,,,,
Milk Hemp ,1,0.33,0.0,0.0,0.9,0.0,0.1,0.0,0.0,0.1,0.0,0.1,0.4,0.1,9.6,1.0,0.0,0.0,0.91,,,,,
NON - VEG,,,,,,,,,,,,,,,,,,,,,#DIV/0!,#DIV/0!,#DIV/0!,0
Chicken - Broiler (Chicken thigh) (Skinless),1,0.24,0.0,0.4,1.9,0.2,0.0,0.1,0.0,0.6,2.6,1.9,0.2,0.2,101.1,13.5,0.2,0.0,0.92,,0,34,66,2
Egg (Whole) 1 no - 50 g,1,0.14,0.0,0.2,1.3,0.1,0.0,0.1,0.0,1.2,1.4,1.9,0.5,0.1,84.1,11.1,0.1,0.0,1.00,,0,39,61,1
Egg White - 1 no - 33 g,1,0.00,0.0,0.3,0.4,0.1,0.0,0.0,0.0,1.7,1.5,0.2,0.1,0.1,69.4,9.1,0.1,0.0,1.00,,0,99,1,0
Fish - Farm (Rohu),1,0.00,0.0,0.4,1.0,0.2,0.0,0.0,0.0,0.4,3.0,2.0,0.4,0.3,112.2,14.6,0.2,0.0,0.92,,0,77,23,1
Fish - Mackerel (US),1,0.00,0.0,0.4,1.0,0.2,0.0,0.0,0.0,0.8,3.1,2.3,0.3,0.4,96.6,12.6,0.2,0.0,0.92,,0,85,15,1
Fish-salmon ,1,0.55,0.0,0.4,1.7,0.2,0.0,0.1,0.0,0.2,3.5,2.1,0.2,0.3,94.7,10.5,0.2,0.0,0.92,,0,46,54,2
Fish - Sardin,1,0.00,0.0,0.4,1.5,0.2,0.0,0.1,0.0,0.4,2.3,1.9,0.4,0.2,82.2,10.6,0.2,0.0,0.92,,0,45,55,1
Mutton Muscle (Sheep Shoulder),1,0.90,0.0,0.4,2.0,0.2,0.0,0.1,0.0,0.5,3.4,2.0,0.1,0.2,125.8,16.4,0.2,0.0,0.92,,0,38,62,2
Mutton Liver,1,0.00,0.0,0.4,1.3,0.2,0.0,0.0,0.0,0.6,3.4,3.3,0.1,0.2,125.8,16.4,0.2,0.0,0.92,,0,65,35,1
Prawns,1,0.00,0.0,0.4,0.7,0.1,0.0,0.0,0.0,1.9,2.2,1.9,0.4,0.5,74.5,9.5,0.1,0.0,0.92,,0,87,13,1
Bone Broth* ,1,0.11,0.0,0.0,1.7,0.3,0.0,0.0,0.0,0.0,3.4,0.0,0.0,0.0,206.3,26.9,0.4,0.0,0.92,,0,79,21,2
Head & Leggs,1,0.80,0.0,0.0,0.0,0.0,0.0,0.0,0.0,0.0,0.0,0.0,0.0,0.0,0.0,0.0,0.0,0.0,,,,,,
NUTS & OIL SEEDS,1,,,,,,,,,,,,,,,,,,,,#DIV/0!,#DIV/0!,#DIV/0!,0
Almonds,1,0.60,0.0,0.0,6.1,0.1,0.0,0.6,0.1,0.0,7.0,4.5,2.3,3.2,28.8,2.2,0.2,0.0,0.52,,2,7,91,6
Anjeer (dried),1,1.10,0.0,0.3,2.1,0.0,0.5,0.0,0.1,0.0,6.8,0.0,0.0,0.0,4.8,0.6,0.0,0.2,0.52,0.61,93,4,3,2
Cashew nut,1,0.67,0.0,0.1,5.8,0.1,0.3,0.5,0.0,0.1,6.4,5.0,0.3,3.1,34.9,4.7,0.2,0.0,0.52,,19,7,74,5
Chia Seeds,1,0.40,0.0,0.0,3.4,0.1,0.1,0.3,0.4,0.2,1.6,9.5,6.3,0.0,51.6,6.1,0.2,0.0,0.52,0.71,7,10,83,3
Coconut Dry,1,0.28,0.0,0.0,6.2,0.0,0.1,0.6,0.2,0.2,7.4,2.0,0.3,1.0,13.6,1.6,0.1,0.1,0.52,,5,2,92,6
Coconut fresh,1,0.13,0.0,0.0,4.1,0.0,0.1,0.4,0.1,0.1,2.5,0.7,0.1,0.4,7.9,0.8,0.0,0.1,0.52,,6,2,92,4
Coconut Pulp ,1,0.00,0.0,0.0,0.9,0.0,0.1,0.0,0.1,0.0,2.5,0.0,0.0,0.0,9.2,1.0,0.0,0.0,0.52,,59,11,31,1
Coconut Milk ,1,1.25,0.0,0.0,1.7,0.0,0.0,0.2,0.0,0.0,0.0,0.0,0.0,0.0,3.5,0.4,0.0,0.0,0.52,,3,2,94,2
Grape Seeds,1,0.10,0.0,0.0,2.2,0.1,0.0,0.2,0.4,0.0,0.0,0.0,0.0,0.0,0.0,0.0,0.1,0.0,0.52,,0,11,89,2
Coconut water,1,0.00,0.0,0.0,0.2,0.0,0.0,0.0,0.0,0.3,0.0,0.2,0.3,0.2,0.0,0.0,0.0,0.0,0.52,,86,4,10,0
Flax seeds,1,0.14,0.0,0.0,4.4,0.1,0.1,0.4,0.3,0.3,6.6,4.5,2.6,3.5,40.2,4.5,0.2,0.0,0.52,,11,10,80,4
Gingelly(brown),1,0.20,0.0,0.0,5.2,0.1,0.1,0.4,0.2,0.1,4.9,6.1,11.7,3.3,40.5,2.9,0.2,0.0,0.52,,8,10,82,5
Gingelly (White) ,1,0.00,0.0,0.0,5.2,0.1,0.1,0.4,0.2,0.2,4.6,7.5,12.8,3.7,41.1,2.9,0.2,0.0,0.52,,9,9,81,5
TOC Til Oil Cake,1,0.22,0.0,0.0,2.6,0.2,0.3,0.1,0.2,0.0,2.9,0.0,0.0,0.0,49.5,3.5,0.4,0.0,,,,,,
Til Oil Cake with milling,1,0.12,0.0,0.0,2.2,0.1,0.2,0.1,0.1,0.2,6.3,10.3,17.5,5.1,79.3,5.6,0.2,0.0,0.52,0.14,48,19,32,2
Ground nut,1,0.12,0.0,0.0,5.2,0.1,0.2,0.4,0.1,0.1,6.8,3.9,0.5,2.0,44.1,4.2,0.2,0.0,0.52,0.14,14,10,75,5
Methi Sprouts,1,0.06,0.0,0.0,2.4,0.1,0.1,0.1,0.3,0.0,3.0,0.0,0.0,0.0,8.4,1.5,0.3,0.0,0.52,,29,36,35,1
Pista,1,0.60,0.0,0.0,5.4,0.1,0.2,0.4,0.1,0.1,10.5,5.4,1.4,1.5,50.1,4.0,0.2,0.1,0.52,0.22,13,10,77,5
Pumpkin Seeds,1,0.50,0.0,0.1,4.5,0.1,0.4,0.2,0.1,0.2,9.2,11.7,0.4,5.4,61.2,9.1,0.2,0.0,0.52,0.34,44,10,45,4
Sun flowers ,1,0.35,0.0,0.0,5.9,0.1,0.1,0.5,0.1,0.0,5.5,7.5,1.8,4.1,32.4,3.0,0.2,0.0,0.52,0.34,5,7,88,5
Walnuts,1,0.00,0.0,0.0,6.7,0.1,0.1,0.6,0.1,0.0,4.6,4.0,1.1,1.8,27.4,1.7,0.1,0.0,0.52,0.34,6,5,89,7
Poppy Seeds,1,0.00,0.0,0.0,4.2,0.1,0.1,0.3,0.3,0.0,6.5,0.0,0.0,0.0,19.2,2.4,0.2,0.0,0.52,0.34,14,12,75,4
Super Seeds,1,,,,,,,,,0.1,4.6,7.7,3.6,4.0,48.8,5.5,0.2,0.0,,0.54,,,,
Popcorn,1,,,,,,,,,0.0,0.0,0.0,0.0,0.0,0.0,0.0,0.0,0.0,,0.72,,,,
Oils,1,,,,,,,,,,,,,,,,,,,,#DIV/0!,#DIV/0!,#DIV/0!,0
Butter-Cooking(US),1,0.48,0.8,0.0,7.3,0.0,0.0,0.8,0.0,5.8,0.2,0.2,0.2,0.0,0.0,0.0,0.0,0.0,,,0,0,100,7
Butter Peanut (without added oil),1,0.46,0.0,0.0,5.2,0.1,0.2,0.4,0.1,0.0,6.8,0.0,0.0,0.0,44.1,4.2,0.2,0.0,,,14,10,75,5
Cooking Oil ,1,0.17,1.0,0.0,9.0,0.0,0.0,1.0,0.0,0.0,0.0,0.0,0.0,0.0,0.0,0.0,0.0,0.0,,,0,0,100,9
Coconut oil,1,0.22,1.0,0.0,9.0,0.0,0.0,1.0,0.0,0.0,0.0,0.0,0.0,0.0,0.0,0.0,0.0,0.0,,,0,0,100,9
Ghee / Animal Fat,1,0.00,1.0,0.0,9.0,0.0,0.0,1.0,0.0,0.0,0.0,0.0,0.0,0.0,0.0,0.0,0.0,0.0,,,0,0,100,9
Ghee Murugan,1,0.63,1.0,0.0,9.0,0.0,0.0,1.0,0.0,0.0,0.0,0.0,0.0,0.0,0.0,0.0,0.0,0.0,,,,,,
Gingelly (Til) oil,1,0.00,1.0,0.0,9.0,0.0,0.0,1.0,0.0,0.0,0.0,0.0,0.0,0.0,0.0,0.0,0.0,0.0,,,0,0,100,9
Groundnut oil (cold press),1,0.35,1.0,0.0,9.0,0.0,0.0,1.0,0.0,0.0,0.0,0.0,0.0,0.0,0.0,0.0,0.0,0.0,,,0,0,100,9
Mustard oil,1,0.30,1.0,0.0,9.0,0.0,0.0,1.0,0.0,0.0,0.0,0.0,0.0,0.0,0.0,0.0,0.0,0.0,,,0,0,100,9
Olive oil,1,0.66,1.0,0.0,9.0,0.0,0.0,1.0,0.0,0.0,0.0,0.0,0.0,0.0,0.0,0.0,0.0,0.0,,,0,0,100,9
Palmolein,1,0.00,1.0,0.0,9.0,0.0,0.0,1.0,0.0,0.0,0.0,0.0,0.0,0.0,0.0,0.0,0.0,0.0,,,0,0,100,9
Refined Groundnut oil,1,0.26,1.0,0.0,9.0,0.0,0.0,1.0,0.0,0.0,0.0,0.0,0.0,0.0,0.0,0.0,0.0,0.0,,,0,0,100,9
Tallow,1,0.30,1.0,0.0,9.0,0.0,0.0,1.0,0.0,0.0,0.0,0.0,0.0,0.0,0.0,0.0,0.0,0.0,,,0,0,100,9
Sunflower oil,1,0.00,1.0,0.0,9.0,0.0,0.0,1.0,0.0,0.0,0.0,0.0,0.0,0.0,0.0,0.0,0.0,0.0,,,0,0,100,9
Spices,1,,,,,,,,,0.0,0.0,0.0,0.0,0.0,0.0,0.0,0.0,0.0,,,,,,
Methi,1,0.25,0.0,0.0,2.4,0.1,0.1,0.1,0.5,0.4,8.9,4.4,1.4,1.7,0.0,0.0,0.3,0.0,0.52,,,,,
Garam masala,1,1.00,0.0,0.0,11.3,0.1,0.1,0.2,0.4,0.0,14.7,0.0,0.0,0.0,0.4,0.1,0.1,0.0,0.52,,22,10,68,2
Ginger Garlic Paste,1,0.11,0.0,0.0,0.6,0.0,0.1,0.0,0.0,0.1,4.5,0.7,0.2,0.4,6.9,0.6,0.0,0.0,0.52,,,,,
Dhaniya (Coriander),1,0.90,0.0,0.0,0.0,0.0,0.0,0.0,0.0,0.0,0.0,0.0,7.2,0.0,0.0,0.0,0.0,0.0,,,,,,
Jeera ,1,0.30,0.0,0.0,12.7,0.1,0.2,0.2,0.3,0.0,18.9,0.0,8.8,0.0,0.4,0.0,0.1,0.0,0.52,,34,11,56,3
Elachi (green),1,2.60,0.0,0.0,1.6,0.1,0.2,0.0,0.0,0.0,0.0,0.0,0.0,0.0,0.0,0.0,0.1,0.0,,,,,,
Pepper & Cloves,1,1.00,0.0,0.0,0.0,0.0,0.0,0.0,0.0,0.0,0.0,0.0,5.7,0.0,0.0,0.0,0.0,0.0,,,,,,
Azwain / Kasakas,1,2.40,0.0,0.0,0.0,0.0,0.0,0.0,0.0,0.0,0.0,0.0,13.7,0.0,0.0,0.0,0.0,0.0,,,,,,
Red Chillie powder,1,0.40,0.0,0.0,2.4,0.1,0.3,0.1,0.3,0.2,22.5,0.8,1.0,2.3,34.7,3.9,0.1,0.0,,,,,,
Salt,1,0.03,0.0,0.0,0.0,0.0,0.0,0.0,0.0,387.6,0.1,0.0,0.2,0.0,0.0,0.0,0.0,0.0,,,,,,
Turmeric,1,0.20,0.0,0.0,2.8,0.1,0.0,0.1,0.2,0.2,23.7,2.8,1.2,2.6,0.0,0.0,0.1,0.0,,,,,,
Tamarind pulp,1,0.24,0.0,0.0,12.1,0.0,0.7,0.0,0.1,0.2,8.4,1.1,1.5,0.8,0.3,0.1,0.0,0.5,0.52,,97,2,0,3
Veges - GREENS,,,,,,,,,,0.0,0.0,0.0,0.0,0.0,0.0,0.0,0.0,0.0,,,#DIV/0!,#DIV/0!,#DIV/0!,0
Amaranth red (Wet),1,0.16,0.0,0.0,0.3,0.0,0.0,0.0,0.0,0.2,5.7,0.7,3.3,1.9,10.0,1.3,0.0,0.0,0.73,,37,39,24,0
Dry Amaranth ,1,2.22,0.0,0.0,1.9,0.2,0.1,0.0,0.3,0.1,35.8,0.8,2.5,1.8,62.7,8.2,0.2,0.0,0.73,,,,,
Amaranth Green (Koyyagura),1,0.25,0.0,0.0,0.3,0.0,0.0,0.0,0.0,0.2,5.7,0.7,3.6,2.0,10.0,1.3,0.0,0.0,0.73,,37,39,24,0
Cabbage,1,0.00,0.0,0.0,0.2,0.0,0.0,0.0,0.0,0.1,2.3,0.3,0.5,0.2,2.9,0.3,0.0,0.0,0.73,,72,22,6,0
Cabbage-Red(US),1,0.09,0.0,0.0,0.2,0.0,0.0,0.0,0.0,0.2,2.0,0.2,0.5,0.3,2.9,0.3,0.0,0.0,0.73,,70,20,9,0
Cauliflower Greens,1,0.09,0.0,0.0,0.4,0.0,0.0,0.0,0.0,0.2,3.7,0.6,1.0,0.4,8.9,1.1,0.0,0.0,0.73,,47,40,13,0
Curry Leaves,1,0.27,0.0,0.0,0.6,0.1,0.0,0.0,0.2,0.2,5.8,0.8,6.6,1.8,17.6,2.0,0.1,0.0,0.73,,37,44,19,0
Dhaniya (Coriander),1,0.25,0.0,0.0,0.3,0.0,0.0,0.0,0.0,0.4,5.5,0.6,1.5,0.7,10.4,1.3,0.0,0.0,0.73,,32,42,26,0
DrumstickLeaves (dry),1,2.22,0.0,0.0,0.7,0.0,0.1,0.0,0.1,0.1,4.0,1.1,3.1,1.0,17.1,2.0,0.1,0.0,0.73,,40,33,26,1
Gongoora,1,0.30,0.0,0.0,0.4,0.0,0.0,0.0,0.0,0.1,2.6,0.3,1.5,0.8,5.4,0.8,0.0,0.0,0.73,,53,17,30,0
Greens (Ganga),1,0.20,0.0,0.0,0.2,0.0,0.0,0.0,0.0,0.0,2.0,0.0,0.0,0.0,2.9,0.3,0.0,0.0,0.73,,72,22,6,0
Lettuce,1,0.08,0.0,0.0,0.2,0.0,0.0,0.0,0.0,0.2,2.8,0.4,0.6,0.4,4.1,0.6,0.0,0.0,0.73,,63,24,13,0
Methi Leaves,1,0.29,0.0,0.0,0.3,0.0,0.0,0.0,0.0,0.5,2.3,0.5,2.7,0.6,11.6,1.6,0.0,0.0,0.73,,32,40,28,0
Onion stalks,1,0.10,0.0,0.0,0.3,0.0,0.0,0.0,0.1,0.2,3.1,0.3,0.3,0.7,6.5,1.0,0.0,0.0,,,59,30,12,0
Palak,1,0.26,0.0,0.0,0.2,0.0,0.0,0.0,0.0,0.4,6.3,0.3,0.8,0.9,6.8,0.7,0.0,0.0,0.73,,41,31,29,0
Ponnagani,1,0.17,0.0,0.0,0.5,0.0,0.1,0.0,0.1,0.4,4.6,0.6,3.9,0.8,14.9,1.9,0.1,0.0,0.73,,49,36,15,0
Ambatichuka,1,0.17,0.0,0.0,0.2,0.0,0.0,0.0,0.0,0.2,2.3,0.7,1.9,0.5,2.9,0.3,0.0,0.0,0.73,,72,22,6,0
Bacchali (Mayalu),1,0.11,0.0,0.0,0.2,0.0,0.0,0.0,0.0,0.2,2.3,0.7,1.9,0.5,2.9,0.3,0.0,0.0,0.73,,72,22,6,0
Parsley(US)/Bokchoy,1,0.32,0.0,0.0,0.7,0.0,0.1,0.0,0.0,0.5,4.7,0.8,2.9,0.5,17.6,2.3,0.1,0.0,0.73,,59,25,16,1
Pudina,1,0.00,0.0,0.0,0.4,0.0,0.0,0.0,0.0,0.0,5.4,0.0,0.0,0.0,13.4,1.0,0.0,0.0,0.73,,33,47,20,0
Pokchoy,1,0.12,0.0,0.0,0.2,0.0,0.0,0.0,0.0,0.3,4.0,0.3,1.5,0.5,0.0,0.0,0.0,0.0,,,,,,
Veges - ROOTS & TUBERS,1,,,,,,,,,,,,0.0,0.0,,,,,,,#DIV/0!,#DIV/0!,#DIV/0!,0
Beetroot,1,0.04,0.0,0.0,0.4,0.0,0.1,0.0,0.0,0.7,3.1,0.4,0.2,0.3,4.6,0.7,0.0,0.0,0.73,0.64,78,18,4,0
Carrot raw,1,0.06,0.0,0.0,0.3,0.0,0.1,0.0,0.0,0.5,2.7,0.4,0.4,0.2,2.0,0.2,0.0,0.0,0.73,0.64,76,9,14,0
Carrot Peeled and Boiled,1,0.09,0.0,0.0,0.3,0.0,0.1,0.0,0.0,0.0,2.7,0.0,0.0,0.0,2.0,0.2,0.0,0.0,0.73,0.64,,,,
Colocasia,1,0.00,0.0,0.0,0.9,0.0,0.2,0.0,0.0,0.0,5.1,0.8,0.3,0.4,9.6,1.0,0.0,0.0,0.73,0.64,86,12,2,1
Garlic,1,0.16,0.0,0.0,1.2,0.1,0.2,0.0,0.1,0.1,4.5,4.3,0.2,0.3,14.3,2.0,0.1,0.1,0.73,0.64,80,18,1,1
Mango Ginger,1,0.50,0.0,0.0,0.4,0.0,0.1,0.0,0.0,0.1,3.8,0.7,0.1,0.4,4.2,0.2,0.0,0.0,0.73,0.64,73,11,16,0
Ginger,1,0.06,0.0,0.0,0.4,0.0,0.1,0.0,0.1,0.1,4.1,0.4,0.2,0.5,5.5,0.4,0.0,0.0,0.73,0.64,72,13,15,1
Onion - big,1,0.05,0.0,0.0,0.5,0.0,0.1,0.0,0.0,0.1,1.7,0.3,0.2,0.2,2.5,0.4,0.0,0.1,0.73,0.64,85,10,5,0
Onion - small,1,0.14,0.0,0.0,0.6,0.0,0.1,0.0,0.0,0.0,1.6,0.4,0.2,0.2,4.1,0.3,0.0,0.1,0.73,0.64,87,10,3,1
Potato,1,0.03,0.0,0.1,0.6,0.0,0.1,0.0,0.0,0.0,4.7,0.4,0.1,0.2,5.7,0.6,0.0,0.0,0.73,0.64,90,7,3,1
Potato  (Baby),1,0.06,0.0,0.0,0.6,0.0,0.0,0.0,0.0,0.0,4.7,0.4,0.1,0.2,5.7,0.6,0.0,0.0,0.73,0.64,0,68,32,0
Radish - White,1,0.08,0.0,0.0,0.3,0.0,0.1,0.0,0.0,0.3,2.9,0.3,0.3,0.2,1.7,0.2,0.0,0.0,0.73,0.64,88,8,5,0
Radish - White Peeled & Cokked,1,0.00,0.0,0.0,0.3,0.0,0.1,0.0,0.0,0.0,2.9,0.0,0.0,0.0,1.7,0.2,0.0,0.0,0.73,0.64,88,8,5,0
Sweet Potato,1,0.00,0.0,0.1,1.1,0.0,0.2,0.0,0.0,0.3,3.3,0.4,0.3,0.2,4.0,0.4,0.0,0.0,0.73,0.64,93,4,3,1
Yam Ordinary,1,0.00,0.0,0.1,0.8,0.0,0.2,0.0,0.0,0.1,4.6,0.4,0.5,0.3,6.0,0.7,0.0,0.0,0.73,0.64,90,8,2,1
 VEGES - OTHERs,,,,,,,,,,,,,,,,,,,,,#DIV/0!,#DIV/0!,#DIV/0!,0
Ash Gourd,1,0.09,0.0,0.0,0.2,0.0,0.0,0.0,0.0,0.0,3.7,0.3,0.0,0.2,2.0,0.2,0.0,0.0,0.73,,76,15,8,0
Unripe Banana ,1,0.06,0.0,0.0,0.8,0.0,0.2,0.0,0.0,0.0,4.0,0.2,0.1,0.3,2.7,0.3,0.0,0.0,0.73,0.45,93,5,3,1
Bengalore Brinjal (Squash),1,0.00,0.0,0.0,0.2,0.0,0.0,0.0,0.0,0.0,1.2,0.2,0.2,0.1,2.0,0.2,0.0,0.0,0.73,,81,11,8,0
Bhindi (Okra /Ladiesfingers),1,0.06,0.0,0.0,0.3,0.0,0.0,0.0,0.0,0.1,2.6,0.6,0.9,0.7,4.6,0.6,0.0,0.0,0.73,,54,34,11,0
Brinjal,1,0.04,0.0,0.0,0.3,0.0,0.0,0.0,0.0,0.0,2.5,0.3,0.2,0.3,3.5,0.4,0.0,0.0,0.73,,66,20,14,0
Broccoli,1,0.08,0.0,0.0,0.3,0.0,0.1,0.0,0.0,0.3,0.0,0.7,0.5,0.2,0.0,0.0,0.0,0.0,0.73,,,,,
Capsicum Red & Yellow,1,0.14,0.0,0.0,0.0,0.0,0.0,0.0,0.0,0.0,0.0,0.3,0.2,0.2,0.0,0.0,0.0,0.0,1.73,,,,,
Capsicum Green,1,0.07,0.0,0.0,0.2,0.0,0.0,0.0,0.0,0.0,1.5,0.2,0.1,0.1,3.1,0.5,0.0,0.0,0.73,,54,24,22,0
Cauliflower,1,0.12,0.0,0.0,0.2,0.0,0.0,0.0,0.0,0.3,3.3,0.5,0.3,0.2,5.5,0.6,0.0,0.0,0.73,,44,34,22,0
Celery ,1,0.10,0.0,0.0,0.2,0.0,0.0,0.0,0.0,0.1,3.0,0.4,0.4,0.2,2.0,0.2,0.0,0.0,0.73,,65,20,15,0
Cluster Beans,1,0.04,0.0,0.0,0.4,0.0,0.0,0.0,0.0,0.0,3.0,0.5,1.2,0.8,7.6,0.8,0.0,0.0,0.73,,59,31,10,0
Drumstick ,1,0.00,0.0,0.0,0.3,0.0,0.0,0.0,0.1,0.2,4.2,0.5,0.3,0.4,5.9,0.6,0.0,0.0,0.73,,63,32,5,0
French beans / Alasandalu,1,0.09,0.0,0.0,0.2,0.0,0.0,0.0,0.0,0.1,3.2,0.6,0.6,0.4,6.9,0.9,0.0,0.0,0.73,,53,36,12,0
Gourds,1,0.06,0.0,0.0,0.1,0.0,0.0,0.0,0.0,0.0,1.2,0.3,0.2,0.1,1.6,0.2,0.0,0.0,0.73,,71,16,12,0
Green Chillies,1,0.12,0.0,0.0,0.4,0.0,0.1,0.0,0.0,0.0,3.4,0.6,0.2,0.3,5.5,0.6,0.0,0.0,0.73,,64,19,18,0
Karela,1,0.00,0.0,0.0,0.2,0.0,0.0,0.0,0.0,0.1,3.3,0.4,0.2,0.3,4.7,0.6,0.0,0.0,0.73,,64,24,12,0
Kheera,1,0.05,0.0,0.0,0.2,0.0,0.0,0.0,0.0,0.1,1.8,0.3,0.2,0.2,1.8,0.2,0.0,0.0,0.73,,80,12,8,0
Knol khol,1,0.00,0.0,0.0,0.2,0.0,0.0,0.0,0.0,0.3,3.3,0.4,0.4,0.2,3.0,0.3,0.0,0.0,0.73,,42,35,24,0
Kovai,1,0.04,0.0,0.0,0.2,0.0,0.0,0.0,0.0,0.0,2.0,0.4,0.3,0.2,4.1,0.7,0.0,0.0,0.73,,56,28,15,0
Mango Green,1,0.00,0.0,0.0,0.5,0.0,0.1,0.0,0.0,0.3,1.5,0.1,0.3,0.2,2.1,0.3,0.0,0.0,0.73,,94,4,2,0
Mushrooms,1,0.20,0.0,0.0,0.3,0.0,0.0,0.0,0.0,0.1,3.2,0.9,0.2,0.2,11.4,1.8,0.0,0.0,0.73,,35,48,17,0
Karonda,1,0.10,0.0,0.0,0.3,0.0,0.0,0.0,0.1,0.0,3.5,0.3,0.1,0.2,0.0,0.0,0.0,0.0,,,,,,
Parwal ,1,0.00,0.0,0.0,0.2,0.0,0.0,0.0,0.0,0.0,1.2,0.3,0.3,0.2,3.9,0.6,0.0,0.0,0.73,,68,20,13,0
Peas (Fresh),1,0.08,0.0,0.1,0.8,0.0,0.1,0.0,0.1,0.0,2.5,0.6,0.3,0.4,16.2,2.5,0.1,0.0,0.73,0.54,72,26,2,1
Pumpkin ,1,0.09,0.0,0.0,0.2,0.0,0.0,0.0,0.0,0.1,1.9,0.2,0.2,0.1,2.2,0.2,0.0,0.0,0.73,0.75,80,12,7,0
Tomato - ripe,1,0.08,0.0,0.0,0.2,0.0,0.0,0.0,0.0,0.1,1.7,0.2,0.1,0.1,1.7,0.2,0.0,0.0,0.73,,61,15,24,0
Tomato - Cherry,1,0.08,0.0,0.0,0.2,0.0,0.0,0.0,0.0,4.8,1.7,0.4,0.1,0.2,1.7,0.2,0.0,0.0,0.73,,61,15,24,0
 Zucchini  Yellow,1,0.00,0.0,0.0,0.2,0.0,0.0,0.0,0.0,0.0,1.3,0.3,0.2,0.1,2.9,0.4,0.0,0.0,0.73,,53,19,28,0
Chikkudu,1,0.06,0.0,0.0,0.2,0.0,0.0,0.0,0.0,0.1,3.2,0.8,0.6,0.5,6.9,0.9,0.0,0.0,0.73,,53,36,12,0
Tomato Puri,1,0.14,0.0,0.0,0.4,0.0,0.1,0.0,0.0,0.3,4.4,0.4,0.2,0.2,0.0,0.0,0.0,0.0,0.73,,82,15,3,0
Veggies - FIT FOR LIFE,,,,,,,,,,,,,,,,,,,,,#DIV/0!,#DIV/0!,#DIV/0!,0
Green Mix,1,0.21,0.0,0.0,0.3,0.0,0.0,0.0,0.0,0.0,3.6,0.0,0.0,0.0,8.4,1.1,0.0,0.0,0.73,0.00,46,37,17,0
Soup Greens,1,0.22,0.1,0.0,1.0,0.0,0.0,0.1,0.1,0.0,4.3,0.0,0.0,0.0,9.6,1.2,0.0,0.0,,,,,,
Veg Broth (Thick),1,0.00,0.0,0.0,0.4,0.0,0.0,0.0,0.0,0.0,1.4,0.0,0.0,0.0,1.8,0.2,0.0,0.0,1.73,0.00,,,,
Bone Broth,1,0.21,0.1,0.0,1.0,0.1,0.0,0.1,0.0,3.4,0.4,0.2,0.3,0.0,62.4,8.1,0.1,0.0,,0.00,9,38,53,1
Mango Pulp,1,0.15,0.0,0.0,0.4,0.0,0.1,0.0,0.0,0.0,1.4,0.0,0.0,0.0,1.4,0.2,0.0,0.0,,,,,,
Salad Veggies,1,0.00,0.0,0.0,0.2,0.0,0.0,0.0,0.0,0.0,0.0,0.0,0.0,0.0,5.8,0.0,0.0,0.0,0.73,0.00,61,28,10,0
Curry Veggies ,1,0.00,0.0,0.0,0.2,0.0,0.0,0.0,0.0,0.0,0.0,0.0,0.0,0.0,5.0,0.0,0.0,0.0,0.73,0.00,67,23,10,0
Salad Greens,1,0.00,0.0,0.0,0.1,0.0,0.0,0.0,0.0,0.0,0.0,0.0,0.0,0.0,4.3,0.0,0.0,0.0,0.73,0.00,21,47,32,0
Sambar Veggies,1,0.00,0.0,0.0,0.2,0.0,0.0,0.0,0.0,0.0,2.5,0.0,0.0,0.0,2.8,0.3,0.0,0.0,0.73,0.15,72,17,11,0
Vegetable Stock ,1,0.01,0.0,0.0,0.1,0.0,0.0,0.0,0.0,0.0,0.2,0.0,0.0,0.0,0.3,0.0,0.0,0.0,0.73,,22,6,72,0
Vegetables for Soup ,1,0.13,0.0,0.0,0.2,0.0,0.0,0.0,0.0,0.2,2.7,0.4,0.4,0.3,4.8,0.6,0.0,0.0,0.73,,63,26,11,0
Vegetables for Omlet (gms),1,0.00,0.0,0.0,0.3,0.0,0.0,0.0,0.0,0.0,2.1,0.0,0.0,0.0,7.8,1.0,0.0,0.0,0.49,,,,,
Date Orange Marmalade,1,0.35,0.0,0.3,1.4,0.0,0.3,0.0,0.0,0.0,3.1,0.0,0.0,0.0,1.6,0.2,0.0,0.2,0.49,,97,2,1,1
Peanut Butter,1,0.00,0.0,0.0,4.5,0.1,0.2,0.3,0.3,0.0,5.4,6.2,0.0,0.0,35.3,3.3,0.2,0.0,,,,,,
Super Seeds(G S) ,1,0.40,0.0,0.0,3.6,0.1,0.1,0.3,0.3,0.1,1.7,7.7,1.8,3.0,38.7,4.3,0.2,0.0,,,,,,
Super Seeds ,1,0.54,0.0,0.1,4.6,0.1,0.2,0.3,0.2,0.1,4.6,0.0,3.6,4.0,48.8,5.5,0.2,0.0,,,,,,
Super Seeds (w/o Til and Flax),1,0.00,0.0,0.1,4.5,0.1,0.2,0.3,0.2,0.0,4.0,0.2,0.0,0.0,52.2,6.3,0.2,0.3,,,,,,
Date Paste (Thin for Date marmalade),1,0.08,0.0,0.3,1.2,0.0,0.3,0.0,0.0,0.0,3.1,0.0,0.3,0.3,1.7,0.2,0.0,0.3,,,,,,
Date Paste (for DCC & Hung curd),1,0.26,0.0,0.6,2.6,0.0,0.6,0.0,0.1,0.0,6.5,0.0,0.0,0.0,3.5,0.3,0.0,0.6,,,,,,
Misc,1,0.00,0.0,0.0,0.0,0.0,0.0,0.0,0.0,0.0,0.0,0.0,0.0,0.0,0.0,0.0,0.0,0.0,,,#DIV/0!,#DIV/0!,#DIV/0!,0
Coco Powder,1,1.01,0.0,0.0,1.0,0.0,0.0,0.1,0.0,0.0,0.0,0.0,0.0,0.0,0.0,0.0,0.2,0.0,0.73,,1,0,99,1
Cocao Nibs (USA),1,0.00,0.0,0.0,5.3,0.0,0.2,0.5,0.2,0.0,0.0,0.0,0.0,0.0,0.0,0.0,0.0,0.0,1.73,,15,0,85,5
Gum,1,0.00,0.0,0.0,0.0,0.0,0.0,0.0,0.0,0.0,0.0,0.0,0.0,0.0,0.0,0.0,0.0,0.0,,,#DIV/0!,#DIV/0!,#DIV/0!,0
Honey,1,0.00,0.0,0.4,3.2,0.0,0.8,0.0,0.0,0.0,0.0,0.0,0.0,0.0,0.0,0.0,0.0,0.0,0,0.55,100,0,0,3
Jaggiry,1,0.06,0.0,0.6,3.8,0.0,1.0,0.0,0.0,0.0,0.0,0.0,0.0,0.0,0.0,0.0,0.0,0.8,,0.68,100,0,0,4
Thaicurry paste,1,1.20,0.0,0.0,0.0,0.0,0.0,0.0,0.0,0.0,0.0,0.0,0.0,0.0,0.0,0.0,0.0,0.0,,0.68,#DIV/0!,#DIV/0!,#DIV/0!,0
Sugar,1,0.04,0.0,0.7,4.0,0.0,1.0,0.0,0.0,0.0,0.0,0.0,0.0,0.0,0.0,0.0,0.0,0.0,,0.68,100,0,0,4
Vineger,1,0.35,0.0,0.0,0.0,0.0,0.0,0.0,0.0,0.0,0.0,0.0,0.0,0.0,0.0,0.0,0.0,0.0,,,100,0,0,0
Soy Sauce,1,0.10,0.0,0.0,1.1,0.1,0.2,0.0,0.0,0.0,0.0,0.0,0.0,0.0,0.0,0.0,0.1,0.0,,,74,18,8,1
Date Paste (Thin / General),1,0.12,0.0,0.3,1.2,0.0,0.3,0.0,0.0,0.0,3.1,0.0,0.0,0.0,1.7,0.2,0.0,0.3,,,,,,
Water,1,0.00,0.0,0.0,0.0,0.0,0.0,0.0,0.0,0.0,0.0,0.0,0.0,0.0,0.0,0.0,0.0,0.0,,,,,,
Salt,1,0.03,0.0,0.0,0.0,0.0,0.0,0.0,0.0,387.6,0.1,0.0,0.2,0.0,0.0,0.0,0.0,0.0,,,,,,
Lemon Grass,1,0.50,0.0,0.0,0.0,0.0,0.0,0.0,0.0,0.0,0.0,0.0,0.0,0.0,0.0,0.0,0.0,0.0,,,,,,
